timestamp,steps,elapsed_s,steps_per_s,ep_rew_mean,ep_len_mean,entropy_loss,opponent_wld
1781315895,10000,384.3,26.02,-0.86,21.6,-3.2853,peter_d1:1/41/0;peter_d2:2/94/0;peter_d3:0/100/0;random:26/28/0;sp_hist:3/43/0;sp_latest:6/140/0
1781316310,20000,799.9,25.0,-0.84,20.2,-3.249,peter_d1:2/50/0;peter_d2:0/99/0;peter_d3:1/94/0;random:22/21/0;sp_hist:5/45/0;sp_latest:9/162/0
1781316717,30000,1206.7,24.86,-0.8,22.8,-3.2206,peter_d1:1/51/0;peter_d2:1/96/0;peter_d3:0/92/0;random:27/24/0;sp_hist:6/44/0;sp_latest:13/138/0
1781317068,40000,1557.1,25.69,-0.68,19.5,-3.1773,peter_d1:0/46/0;peter_d2:2/110/0;peter_d3:0/89/0;random:44/15/0;sp_hist:3/36/0;sp_latest:6/139/0
1781317503,50000,1992.1,25.1,-0.82,18.6,-3.176,peter_d1:4/42/0;peter_d2:1/102/0;peter_d3:0/103/0;random:20/21/0;sp_hist:4/36/0;sp_latest:9/174/0
1781317873,60000,2362.4,25.4,-0.78,21.6,-3.1183,peter_d1:3/53/0;peter_d2:1/104/0;peter_d3:0/94/0;random:25/14/0;sp_hist:6/42/0;sp_latest:9/133/0
1781318328,70000,2817.2,24.85,-0.82,20.3,-3.0866,peter_d1:2/48/0;peter_d2:1/107/0;peter_d3:0/105/0;random:35/18/0;sp_hist:4/42/0;sp_latest:7/125/0
1781318784,80000,3273.2,24.44,-0.78,20.3,-3.0574,peter_d1:1/49/0;peter_d2:1/90/0;peter_d3:0/95/0;random:34/14/0;sp_hist:5/44/0;sp_latest:16/137/0
1781319231,90000,3720.2,24.19,-0.68,21.5,-3.0341,peter_d1:3/57/0;peter_d2:1/91/0;peter_d3:2/110/0;random:33/19/0;sp_hist:11/36/0;sp_latest:18/145/0
1781319757,100000,4247.0,23.55,-0.72,19.5,-3.0166,peter_d1:1/41/0;peter_d2:2/98/0;peter_d3:0/124/0;random:26/22/0;sp_hist:6/34/0;sp_latest:27/143/0
1781320160,110000,4650.0,23.66,-0.44,23.5,-2.9661,peter_d1:1/36/0;peter_d2:3/85/0;peter_d3:0/95/0;random:40/11/0;sp_hist:8/33/0;sp_latest:64/76/0
1781320547,120000,5036.8,23.82,-0.46,20.2,-2.9116,peter_d1:2/36/0;peter_d2:1/87/0;peter_d3:0/86/0;random:33/16/0;sp_hist:10/42/0;sp_latest:88/67/0
1781320967,130000,5456.8,23.82,-0.6,23.5,-2.9143,peter_d1:2/46/0;peter_d2:3/91/0;peter_d3:1/89/0;random:33/8/0;sp_hist:8/35/0;sp_latest:70/54/0
1781321362,140000,5851.7,23.92,-0.54,20.6,-2.9067,peter_d1:2/36/0;peter_d2:2/90/0;peter_d3:1/91/0;random:31/15/0;sp_hist:7/34/0;sp_latest:67/58/0
1781321806,150000,6295.5,23.83,-0.38,23.1,-2.8586,peter_d1:6/39/0;peter_d2:3/78/0;peter_d3:0/89/0;random:35/6/0;sp_hist:9/28/0;sp_latest:77/56/0
1781322175,160000,6664.5,24.01,-0.38,20.7,-2.8345,peter_d1:1/39/0;peter_d2:1/78/0;peter_d3:0/100/0;random:29/8/0;sp_hist:11/33/0;sp_latest:99/53/0
1781322580,170000,7069.8,24.05,-0.3,22.4,-2.8421,peter_d1:1/41/0;peter_d2:2/67/0;peter_d3:0/91/0;random:40/19/0;sp_hist:7/26/0;sp_latest:94/46/0
1781322942,180000,7432.0,24.22,-0.4,23.3,-2.8469,peter_d1:2/34/0;peter_d2:3/79/0;peter_d3:0/88/0;random:42/4/0;sp_hist:15/30/0;sp_latest:89/39/0
1781323297,190000,7786.9,24.4,-0.28,20.2,-2.7967,peter_d1:1/37/0;peter_d2:2/78/0;peter_d3:1/81/0;random:33/11/0;sp_hist:10/33/0;sp_latest:106/30/0
1781323665,200000,8154.5,24.53,-0.28,24.5,-2.7366,peter_d1:3/55/0;peter_d2:4/90/0;peter_d3:0/83/0;random:29/10/0;sp_hist:13/36/0;sp_latest:83/28/0
1781324061,210000,8550.5,24.56,-0.44,21.8,-2.7361,peter_d1:4/42/0;peter_d2:7/71/0;peter_d3:1/90/0;random:23/10/0;sp_hist:11/30/0;sp_latest:81/63/0
1781324449,220000,8938.1,24.61,-0.36,24.6,-2.7448,peter_d1:3/41/0;peter_d2:17/71/0;peter_d3:1/77/0;random:39/8/0;sp_hist:12/31/0;sp_latest:72/54/0
1781324839,230000,9328.5,24.66,-0.34,22.6,-2.758,peter_d1:2/42/0;peter_d2:16/69/0;peter_d3:1/88/0;random:31/5/0;sp_hist:15/25/0;sp_latest:76/56/0
1781325313,240000,9802.1,24.48,-0.32,24.7,-2.7653,peter_d1:3/40/0;peter_d2:17/79/0;peter_d3:1/92/0;random:32/6/0;sp_hist:12/23/0;sp_latest:58/45/0
1781325742,250000,10231.3,24.43,-0.32,21.1,-2.6958,peter_d1:1/55/0;peter_d2:25/67/0;peter_d3:1/89/0;random:40/11/0;sp_hist:12/35/0;sp_latest:72/60/0
1781326168,260000,10657.9,24.4,-0.26,20.1,-2.6488,peter_d1:5/36/0;peter_d2:32/69/0;peter_d3:0/91/0;random:48/11/0;sp_hist:15/39/0;sp_latest:72/62/0
1781326575,270000,11064.5,24.4,-0.32,21.5,-2.6789,peter_d1:1/58/0;peter_d2:20/55/0;peter_d3:2/91/0;random:40/8/0;sp_hist:13/35/0;sp_latest:97/46/0
1781327049,280000,11538.6,24.27,-0.28,20.0,-2.623,peter_d1:3/36/0;peter_d2:25/70/0;peter_d3:0/104/0;random:34/10/0;sp_hist:12/34/0;sp_latest:116/55/0
1781327513,290000,12002.2,24.16,-0.34,20.8,-2.6245,peter_d1:1/48/0;peter_d2:30/54/0;peter_d3:1/105/0;random:41/13/0;sp_hist:14/41/0;sp_latest:97/33/0
1781327961,300000,12450.8,24.09,-0.16,17.8,-2.6346,peter_d1:3/43/0;peter_d2:25/82/0;peter_d3:3/105/0;random:43/9/0;sp_hist:13/32/0;sp_latest:120/23/0
1781328447,310000,12937.0,23.96,-0.24,19.4,-2.6184,peter_d1:1/47/0;peter_d2:34/62/0;peter_d3:0/102/0;random:43/12/0;sp_hist:43/12/0;sp_latest:67/68/0
1781328889,320000,13378.7,23.92,-0.28,20.7,-2.567,peter_d1:2/59/0;peter_d2:44/66/0;peter_d3:0/94/0;random:53/11/0;sp_hist:37/11/0;sp_latest:72/64/0
1781329332,330000,13822.0,23.88,-0.3,19.2,-2.614,peter_d1:0/40/0;peter_d2:45/65/0;peter_d3:1/96/0;random:37/9/0;sp_hist:45/11/0;sp_latest:90/73/0
1781329818,340000,14307.8,23.76,-0.12,21.6,-2.6226,peter_d1:3/36/0;peter_d2:42/56/0;peter_d3:0/113/0;random:51/13/0;sp_hist:33/10/0;sp_latest:72/51/0
1781330338,350000,14827.2,23.61,0.02,20.2,-2.5859,peter_d1:2/55/0;peter_d2:43/53/0;peter_d3:0/102/0;random:40/10/0;sp_hist:42/11/0;sp_latest:93/61/0
1781330795,360000,15284.5,23.55,0.0,18.2,-2.5004,peter_d1:3/50/0;peter_d2:60/58/0;peter_d3:0/107/0;random:37/9/0;sp_hist:58/7/0;sp_latest:121/48/0
1781331240,370000,15729.4,23.52,-0.12,21.2,-2.5536,peter_d1:5/48/0;peter_d2:43/57/0;peter_d3:1/102/0;random:41/10/0;sp_hist:47/8/0;sp_latest:105/44/0
1781331665,380000,16155.0,23.52,-0.08,18.6,-2.5403,peter_d1:3/50/0;peter_d2:52/57/0;peter_d3:2/90/0;random:54/6/0;sp_hist:47/8/0;sp_latest:122/40/0
1781332048,390000,16537.9,23.58,-0.14,20.1,-2.5401,peter_d1:1/48/0;peter_d2:40/56/0;peter_d3:1/98/0;random:62/13/0;sp_hist:35/15/0;sp_latest:93/38/0
1781332470,400000,16959.3,23.59,0.16,19.2,-2.497,peter_d1:6/55/0;peter_d2:56/51/0;peter_d3:1/93/0;random:42/7/0;sp_hist:42/8/0;sp_latest:106/41/0
1781332898,410000,17387.4,23.58,-0.08,18.5,-2.492,peter_d1:3/48/0;peter_d2:54/36/0;peter_d3:0/87/0;random:40/9/0;sp_hist:15/50/0;sp_latest:88/70/0
1781333278,420000,17767.4,23.64,-0.26,19.6,-2.5426,peter_d1:7/51/0;peter_d2:50/52/0;peter_d3:3/103/0;random:31/10/0;sp_hist:14/40/0;sp_latest:73/66/0
1781333634,430000,18123.2,23.73,-0.36,19.7,-2.4697,peter_d1:7/55/0;peter_d2:55/47/0;peter_d3:0/96/0;random:49/7/0;sp_hist:10/33/0;sp_latest:89/80/0
1781334009,440000,18498.8,23.79,-0.2,17.2,-2.4195,peter_d1:4/46/0;peter_d2:77/43/0;peter_d3:1/100/0;random:49/10/0;sp_hist:14/39/0;sp_latest:96/68/0
1781334395,450000,18884.8,23.83,-0.22,19.1,-2.4745,peter_d1:4/55/0;peter_d2:61/50/0;peter_d3:0/100/0;random:38/1/0;sp_hist:19/31/0;sp_latest:81/49/0
1781334951,460000,19440.7,23.66,-0.06,19.9,-2.5173,peter_d1:4/49/0;peter_d2:55/48/0;peter_d3:0/108/0;random:41/9/0;sp_hist:15/29/0;sp_latest:91/55/0
1781335502,470000,19991.9,23.51,-0.26,18.5,-2.4916,peter_d1:2/43/0;peter_d2:57/40/0;peter_d3:1/106/0;random:39/6/0;sp_hist:8/33/0;sp_latest:118/63/0
1781336093,480000,20583.0,23.32,-0.1,18.6,-2.4417,peter_d1:8/37/0;peter_d2:69/53/0;peter_d3:0/108/0;random:55/8/0;sp_hist:18/34/0;sp_latest:98/46/0
1781336541,490000,21030.6,23.3,0.0,16.5,-2.4179,peter_d1:4/45/0;peter_d2:63/43/0;peter_d3:0/122/0;random:49/3/0;sp_hist:14/28/0;sp_latest:125/44/0
1781340471,500000,24960.7,20.03,-0.18,19.2,-2.4799,peter_d1:6/51/0;peter_d2:53/47/0;peter_d3:0/114/0;random:39/12/0;sp_hist:18/29/0;sp_latest:116/32/0
1781341141,510000,25630.9,19.9,-0.06,18.9,-2.4185,peter_d1:7/56/0;peter_d2:74/56/0;peter_d3:1/109/0;random:49/6/0;sp_hist:21/16/0;sp_latest:88/87/0
1781341956,520000,26445.9,19.66,-0.14,18.8,-2.4597,peter_d1:5/45/0;peter_d2:58/51/0;peter_d3:0/105/0;random:43/5/0;sp_hist:38/22/0;sp_latest:95/82/0
1781342918,530000,27407.3,19.34,-0.34,20.4,-2.478,peter_d1:4/53/0;peter_d2:53/52/0;peter_d3:3/115/0;random:50/9/0;sp_hist:25/20/0;sp_latest:100/63/0
1781343830,540000,28319.9,19.07,-0.02,18.1,-2.402,peter_d1:6/52/0;peter_d2:61/61/0;peter_d3:0/101/0;random:50/6/0;sp_hist:35/11/0;sp_latest:121/54/0
1781344874,550000,29364.0,18.73,-0.02,18.9,-2.3744,peter_d1:10/44/0;peter_d2:60/48/0;peter_d3:2/100/0;random:67/7/0;sp_hist:33/13/0;sp_latest:111/57/0
1781345801,560000,30290.5,18.49,0.0,15.7,-2.3847,peter_d1:15/48/0;peter_d2:79/60/0;peter_d3:2/105/0;random:40/9/0;sp_hist:45/7/0;sp_latest:107/43/0
1781346680,570000,31169.7,18.29,-0.02,16.1,-2.3637,peter_d1:6/48/0;peter_d2:47/60/0;peter_d3:1/121/0;random:44/8/0;sp_hist:47/11/0;sp_latest:135/35/0
1781347400,580000,31889.3,18.19,0.32,16.2,-2.2667,peter_d1:16/39/0;peter_d2:63/38/0;peter_d3:1/115/0;random:52/9/0;sp_hist:47/10/0;sp_latest:170/39/0
1781348098,590000,32587.7,18.1,0.12,15.0,-2.2472,peter_d1:25/39/0;peter_d2:67/42/0;peter_d3:0/124/0;random:56/11/0;sp_hist:53/14/0;sp_latest:138/38/0
1781348732,600000,33221.3,18.06,0.0,19.1,-2.3183,peter_d1:20/43/0;peter_d2:59/52/0;peter_d3:0/100/0;random:48/9/0;sp_hist:48/11/0;sp_latest:141/37/0
1781349498,610000,33987.5,17.95,-0.12,17.4,-2.4213,peter_d1:16/33/0;peter_d2:49/61/0;peter_d3:2/128/0;random:51/7/0;sp_hist:27/27/0;sp_latest:95/90/0
1781350207,620000,34696.3,17.87,-0.06,17.4,-2.3585,peter_d1:17/37/0;peter_d2:76/65/0;peter_d3:0/116/0;random:50/7/0;sp_hist:38/24/0;sp_latest:91/73/0
1781350943,630000,35433.0,17.78,-0.04,18.1,-2.4387,peter_d1:15/39/0;peter_d2:59/44/0;peter_d3:0/137/0;random:45/9/0;sp_hist:36/30/0;sp_latest:103/70/0
1781351587,640000,36076.3,17.74,-0.02,17.1,-2.3476,peter_d1:22/40/0;peter_d2:68/55/0;peter_d3:1/114/0;random:51/5/0;sp_hist:33/17/0;sp_latest:108/65/0
1781352208,650000,36698.0,17.71,-0.16,18.3,-2.344,peter_d1:22/45/0;peter_d2:68/38/0;peter_d3:1/119/0;random:56/11/0;sp_hist:30/22/0;sp_latest:128/57/0
1781352984,660000,37473.4,17.61,-0.18,20.1,-2.4244,peter_d1:19/50/0;peter_d2:70/66/0;peter_d3:1/109/0;random:48/8/0;sp_hist:27/14/0;sp_latest:109/52/0
1781353711,670000,38200.6,17.54,0.2,14.8,-2.3979,peter_d1:33/37/0;peter_d2:48/48/0;peter_d3:1/124/0;random:48/10/0;sp_hist:41/20/0;sp_latest:129/41/0
